
<!--
  ~ Hibernate, Relational Persistence for Idiomatic Java
  ~
  ~ License: GNU Lesser General Public License (LGPL), version 2.1 or later.
  ~ See the lgpl.txt file in the root directory or <http://www.gnu.org/licenses/lgpl-2.1.html>.
  -->
<!DOCTYPE hibernate-configuration PUBLIC
        "-//Hibernate/Hibernate Configuration DTD 3.0//EN"
        "http://www.hibernate.org/dtd/hibernate-configuration-3.0.dtd">

<hibernate-configuration>
    <session-factory>

        <property name="connection.url">jdbc:postgresql://localhost/ov-chipkaart</property> <!-- BD Mane -->
        <property name="connection.driver_class">org.postgresql.Driver</property> <!-- DB Driver -->
        <property name="connection.username">postgres</property> <!-- DB User -->
        <property name="connection.password">root</property> <!-- DB Password -->

        <property name="dialect">org.hibernate.dialect.PostgreSQLDialect</property> <!-- DB Dialect -->
        <property name="hbm2ddl.auto">update</property> <!-- create / create-drop / update -->

        <property name="show_sql">false</property> <!-- Show SQL in console -->
        <property name="format_sql">false</property> <!-- Show SQL formatted -->

        <mapping class="domain.Adres"/>
        <mapping class="domain.OvChipkaart"/>
        <mapping class="domain.Product"/>
        <mapping class="domain.Reiziger"/>

    </session-factory>
</hibernate-configuration>